{
  "project_info": {
    "project_number": "188600890613",
    "firebase_url": "https://iotprojectfirebase-c5a62-default-rtdb.firebaseio.com",
    "project_id": "iotprojectfirebase-c5a62",
    "storage_bucket": "iotprojectfirebase-c5a62.appspot.com"
  },
  "client": [
    {
      "client_info": {
        "mobilesdk_app_id": "1:188600890613:android:04eafb71e92932886fc1bc",
        "android_client_info": {
          "package_name": "com.example.iot_project_app"
        }
      },
      "oauth_client": [],
      "api_key": [
        {
          "current_key": "AIzaSyCXHHD3s3hy_rp-RmPOznMEMkFr2UCQlvg"
        }
      ],
      "services": {
        "appinvite_service": {
          "other_platform_oauth_client": []
        }
      }
    }
  ],
  "configuration_version": "1"
}